{
  "planck_constants": {
    "t_P": 5.391e-44,
    "l_P": 1.616e-35,
    "n0": 8.076423669078094e+60,
    "ln_n0": 140.2440547389796,
    "xi_0": 5.084298976157157e-05
  },
  "alpha_comparison": {
    "M0": {
      "chi2": 208.90124227131514,
      "chi2_dof": 1.6448916714276782,
      "AIC": 208.90124227131514,
      "BIC": 208.90124227131514
    },
    "M1": {
      "chi2": 131.0887946283924,
      "chi2_dof": 1.0487103570271392,
      "AIC": 135.0887946283924,
      "BIC": 140.77716880130959
    },
    "M2": {
      "chi2": 129.73653222745074,
      "chi2_dof": 1.0296550176781805,
      "AIC": 131.73653222745074,
      "BIC": 134.58071931390933
    },
    "Gamma_opt": 4.893664803916092,
    "delta_chi2": 79.1647100438644,
    "delta_AIC": -77.1647100438644,
    "delta_BIC": -74.32052295740581,
    "significance_sigma": 8.897455256637395
  },
  "hubble_regression": {
    "beta": -624304.0,
    "H_inf": 104.47,
    "H0_pred": 72.72851811989182,
    "R2": 0.979
  },
  "lab_null": {
    "alpha_dot_yr": 2.5719315461276324e-16
  },
  "T_cut": {
    "USTC": 73.3,
    "raw": 26.8
  },
  "falsifiable": {
    "H_inf_km_s_Mpc": 104.47,
    "functional_form": "1/ln^2(t/t_P)",
    "lab_alpha_dot": "~1e-16 yr^-1"
  }
}